{ 
    "_id" : ObjectId("5acef2080419bf000ebc049a"), 
    "removeDuplicates" : {
        "Total" : NumberInt(895), 
        "Date" : ISODate("2018-04-12T05:43:36.319+0000")
    }, 
    "__v" : NumberInt(0)
}
{ 
    "_id" : ObjectId("5acefad60419bf000ebc04d7"), 
    "removeDuplicates" : {
        "Total" : NumberInt(50), 
        "Date" : ISODate("2018-04-12T06:21:10.564+0000")
    }, 
    "__v" : NumberInt(0)
}
{ 
    "_id" : ObjectId("5ad160044b4e45000ef56c33"), 
    "removeDuplicates" : {
        "Total" : NumberInt(2056), 
        "Date" : ISODate("2018-04-14T01:57:24.848+0000")
    }, 
    "__v" : NumberInt(0)
}
{ 
    "_id" : ObjectId("5ad1bbd24b4e45000ef56f1b"), 
    "removeDuplicates" : {
        "Total" : NumberInt(743), 
        "Date" : ISODate("2018-04-14T08:29:06.124+0000")
    }, 
    "__v" : NumberInt(0)
}
{ 
    "_id" : ObjectId("5ad2cf0a4b4e45000ef57746"), 
    "removeDuplicates" : {
        "Total" : NumberInt(2090), 
        "Date" : ISODate("2018-04-15T04:03:22.179+0000")
    }, 
    "__v" : NumberInt(0)
}
