{ 
    "_id" : ObjectId("5aa8c731bfd9f7000e140d2d"), 
    "country" : "Shanghai", 
    "building" : "Sgh201", 
    "SN" : "FB8A8E16", 
    "timeZone" : "+0800", 
    "_userID" : ObjectId("5a45d844daee10000ed39664"), 
    "__v" : NumberInt(1), 
    "avgNum" : NumberInt(60), 
    "totalNum" : NumberInt(2321), 
    "closeTime" : "1730", 
    "coordinates" : [
        121.46667, 
        31.16667
    ], 
    "curNum" : NumberInt(0), 
    "openTime" : "0930", 
    "placeName" : "Shanghai Shi, China"
}
